{
    "name": "BitgetBTC",
    "exchange": "bitget",
    "trading_pair": "BTC/USDT",
    "symbol": "BTC",
    "base_symbol": "USDT",
    "quote_interval_seconds": 30,
    "spread_percentage": 0.2,
    "max_order_size": 0.01,
    "reserve_symbol": 0.001,
    "reserve_base_symbol": 10.0,
    "strategy": "basic_market_maker",
    "api_keys": {
        "api_key": "your_api_key_here",
        "secret_key": "your_secret_key_here",
        "passphrase": "your_passphrase_here"
    },
    "additional_params": {}
}