{
    "name": "GateIOBTC_Simulation",
    "exchange": "gateio",
    "trading_pair": "ROUTE/USDT",
    "symbol": "ROUTE",
    "base_symbol": "USDT",
    "quote_interval_seconds": 30,
    "spread_percentage": 0.5,
    "max_order_size": 0.005,
    "reserve_symbol": 0.0001,
    "reserve_base_symbol": 5,
    "strategy": "basic_market_maker",
    "api_keys": {
        "api_key": "placeholder_will_use_env_var",
        "secret_key": "placeholder_will_use_env_var",
        "passphrase": ""
    },
    "additional_params": {
        "min_order_size": 0.0001,
        "min_profit_percentage": 0.1,
        "use_post_only": true,
        "simulation_mode": true,
        "use_real_trading": false,
        "sim_symbol_balance": 0.01,
        "sim_base_balance": 1000
    }
}