{
    "name": "GateIOBTC",
    "exchange": "gateio",
    "trading_pair": "BTC/USDT",
    "symbol": "BTC",
    "base_symbol": "USDT",
    "quote_interval_seconds": 30,
    "spread_percentage": 0.5,
    "max_order_size": 0.001,
    "reserve_symbol": 0.0001,
    "reserve_base_symbol": 5.0,
    "strategy": "basic_market_maker",
    "api_keys": {
        "api_key": "placeholder_will_use_env_var",
        "secret_key": "placeholder_will_use_env_var",
        "passphrase": ""
    },
    "additional_params": {
        "min_order_size": 0.0001,
        "min_profit_percentage": 0.1,
        "use_post_only": true,
        "use_real_trading": true
    }
}